<application>
  <component name="ProjectJdkTable">
    <jdk version="2">
      <name value="openjdk-17" />
      <type value="JavaSDK" />
      <version value="version 17" />
      <homePath value="$USER_HOME$/.jdks/openjdk-17" />
      <roots>
        <annotationsPath>
          <root type="composite">
            <root url="jar://$APPLICATION_HOME_DIR$/plugins/java/lib/jdkAnnotations.jar!/" type="simple" />
          </root>
        </annotationsPath>
        <classPath>
          <root type="composite">
            <root url="jrt://C:/Users/11fra/.jdks/openjdk-17!/java.base" type="simple" />
            <root url="jrt://C:/Users/11fra/.jdks/openjdk-17!/java.compiler" type="simple" />
            <root url="jrt://C:/Users/11fra/.jdks/openjdk-17!/java.datatransfer" type="simple" />
            <root url="jrt://C:/Users/11fra/.jdks/openjdk-17!/java.desktop" type="simple" />
            <root url="jrt://C:/Users/11fra/.jdks/openjdk-17!/java.instrument" type="simple" />
            <root url="jrt://C:/Users/11fra/.jdks/openjdk-17!/java.logging" type="simple" />
            <root url="jrt://C:/Users/11fra/.jdks/openjdk-17!/java.management" type="simple" />
            <root url="jrt://C:/Users/11fra/.jdks/openjdk-17!/java.management.rmi" type="simple" />
            <root url="jrt://C:/Users/11fra/.jdks/openjdk-17!/java.naming" type="simple" />
            <root url="jrt://C:/Users/11fra/.jdks/openjdk-17!/java.net.http" type="simple" />
            <root url="jrt://C:/Users/11fra/.jdks/openjdk-17!/java.prefs" type="simple" />
            <root url="jrt://C:/Users/11fra/.jdks/openjdk-17!/java.rmi" type="simple" />
            <root url="jrt://C:/Users/11fra/.jdks/openjdk-17!/java.scripting" type="simple" />
            <root url="jrt://C:/Users/11fra/.jdks/openjdk-17!/java.se" type="simple" />
            <root url="jrt://C:/Users/11fra/.jdks/openjdk-17!/java.security.jgss" type="simple" />
            <root url="jrt://C:/Users/11fra/.jdks/openjdk-17!/java.security.sasl" type="simple" />
            <root url="jrt://C:/Users/11fra/.jdks/openjdk-17!/java.smartcardio" type="simple" />
            <root url="jrt://C:/Users/11fra/.jdks/openjdk-17!/java.sql" type="simple" />
            <root url="jrt://C:/Users/11fra/.jdks/openjdk-17!/java.sql.rowset" type="simple" />
            <root url="jrt://C:/Users/11fra/.jdks/openjdk-17!/java.transaction.xa" type="simple" />
            <root url="jrt://C:/Users/11fra/.jdks/openjdk-17!/java.xml" type="simple" />
            <root url="jrt://C:/Users/11fra/.jdks/openjdk-17!/java.xml.crypto" type="simple" />
            <root url="jrt://C:/Users/11fra/.jdks/openjdk-17!/jdk.accessibility" type="simple" />
            <root url="jrt://C:/Users/11fra/.jdks/openjdk-17!/jdk.attach" type="simple" />
            <root url="jrt://C:/Users/11fra/.jdks/openjdk-17!/jdk.charsets" type="simple" />
            <root url="jrt://C:/Users/11fra/.jdks/openjdk-17!/jdk.compiler" type="simple" />
            <root url="jrt://C:/Users/11fra/.jdks/openjdk-17!/jdk.crypto.cryptoki" type="simple" />
            <root url="jrt://C:/Users/11fra/.jdks/openjdk-17!/jdk.crypto.ec" type="simple" />
            <root url="jrt://C:/Users/11fra/.jdks/openjdk-17!/jdk.crypto.mscapi" type="simple" />
            <root url="jrt://C:/Users/11fra/.jdks/openjdk-17!/jdk.dynalink" type="simple" />
            <root url="jrt://C:/Users/11fra/.jdks/openjdk-17!/jdk.editpad" type="simple" />
            <root url="jrt://C:/Users/11fra/.jdks/openjdk-17!/jdk.hotspot.agent" type="simple" />
            <root url="jrt://C:/Users/11fra/.jdks/openjdk-17!/jdk.httpserver" type="simple" />
            <root url="jrt://C:/Users/11fra/.jdks/openjdk-17!/jdk.incubator.foreign" type="simple" />
            <root url="jrt://C:/Users/11fra/.jdks/openjdk-17!/jdk.incubator.vector" type="simple" />
            <root url="jrt://C:/Users/11fra/.jdks/openjdk-17!/jdk.internal.ed" type="simple" />
            <root url="jrt://C:/Users/11fra/.jdks/openjdk-17!/jdk.internal.jvmstat" type="simple" />
            <root url="jrt://C:/Users/11fra/.jdks/openjdk-17!/jdk.internal.le" type="simple" />
            <root url="jrt://C:/Users/11fra/.jdks/openjdk-17!/jdk.internal.opt" type="simple" />
            <root url="jrt://C:/Users/11fra/.jdks/openjdk-17!/jdk.internal.vm.ci" type="simple" />
            <root url="jrt://C:/Users/11fra/.jdks/openjdk-17!/jdk.internal.vm.compiler" type="simple" />
            <root url="jrt://C:/Users/11fra/.jdks/openjdk-17!/jdk.internal.vm.compiler.management" type="simple" />
            <root url="jrt://C:/Users/11fra/.jdks/openjdk-17!/jdk.jartool" type="simple" />
            <root url="jrt://C:/Users/11fra/.jdks/openjdk-17!/jdk.javadoc" type="simple" />
            <root url="jrt://C:/Users/11fra/.jdks/openjdk-17!/jdk.jcmd" type="simple" />
            <root url="jrt://C:/Users/11fra/.jdks/openjdk-17!/jdk.jconsole" type="simple" />
            <root url="jrt://C:/Users/11fra/.jdks/openjdk-17!/jdk.jdeps" type="simple" />
            <root url="jrt://C:/Users/11fra/.jdks/openjdk-17!/jdk.jdi" type="simple" />
            <root url="jrt://C:/Users/11fra/.jdks/openjdk-17!/jdk.jdwp.agent" type="simple" />
            <root url="jrt://C:/Users/11fra/.jdks/openjdk-17!/jdk.jfr" type="simple" />
            <root url="jrt://C:/Users/11fra/.jdks/openjdk-17!/jdk.jlink" type="simple" />
            <root url="jrt://C:/Users/11fra/.jdks/openjdk-17!/jdk.jpackage" type="simple" />
            <root url="jrt://C:/Users/11fra/.jdks/openjdk-17!/jdk.jshell" type="simple" />
            <root url="jrt://C:/Users/11fra/.jdks/openjdk-17!/jdk.jsobject" type="simple" />
            <root url="jrt://C:/Users/11fra/.jdks/openjdk-17!/jdk.jstatd" type="simple" />
            <root url="jrt://C:/Users/11fra/.jdks/openjdk-17!/jdk.localedata" type="simple" />
            <root url="jrt://C:/Users/11fra/.jdks/openjdk-17!/jdk.management" type="simple" />
            <root url="jrt://C:/Users/11fra/.jdks/openjdk-17!/jdk.management.agent" type="simple" />
            <root url="jrt://C:/Users/11fra/.jdks/openjdk-17!/jdk.management.jfr" type="simple" />
            <root url="jrt://C:/Users/11fra/.jdks/openjdk-17!/jdk.naming.dns" type="simple" />
            <root url="jrt://C:/Users/11fra/.jdks/openjdk-17!/jdk.naming.rmi" type="simple" />
            <root url="jrt://C:/Users/11fra/.jdks/openjdk-17!/jdk.net" type="simple" />
            <root url="jrt://C:/Users/11fra/.jdks/openjdk-17!/jdk.nio.mapmode" type="simple" />
            <root url="jrt://C:/Users/11fra/.jdks/openjdk-17!/jdk.random" type="simple" />
            <root url="jrt://C:/Users/11fra/.jdks/openjdk-17!/jdk.sctp" type="simple" />
            <root url="jrt://C:/Users/11fra/.jdks/openjdk-17!/jdk.security.auth" type="simple" />
            <root url="jrt://C:/Users/11fra/.jdks/openjdk-17!/jdk.security.jgss" type="simple" />
            <root url="jrt://C:/Users/11fra/.jdks/openjdk-17!/jdk.unsupported" type="simple" />
            <root url="jrt://C:/Users/11fra/.jdks/openjdk-17!/jdk.unsupported.desktop" type="simple" />
            <root url="jrt://C:/Users/11fra/.jdks/openjdk-17!/jdk.xml.dom" type="simple" />
            <root url="jrt://C:/Users/11fra/.jdks/openjdk-17!/jdk.zipfs" type="simple" />
          </root>
        </classPath>
        <javadocPath>
          <root type="composite" />
        </javadocPath>
        <sourcePath>
          <root type="composite">
            <root url="jar://$USER_HOME$/.jdks/openjdk-17/lib/src.zip!/java.se" type="simple" />
            <root url="jar://$USER_HOME$/.jdks/openjdk-17/lib/src.zip!/jdk.jdi" type="simple" />
            <root url="jar://$USER_HOME$/.jdks/openjdk-17/lib/src.zip!/jdk.jfr" type="simple" />
            <root url="jar://$USER_HOME$/.jdks/openjdk-17/lib/src.zip!/jdk.net" type="simple" />
            <root url="jar://$USER_HOME$/.jdks/openjdk-17/lib/src.zip!/java.rmi" type="simple" />
            <root url="jar://$USER_HOME$/.jdks/openjdk-17/lib/src.zip!/java.sql" type="simple" />
            <root url="jar://$USER_HOME$/.jdks/openjdk-17/lib/src.zip!/java.xml" type="simple" />
            <root url="jar://$USER_HOME$/.jdks/openjdk-17/lib/src.zip!/jdk.jcmd" type="simple" />
            <root url="jar://$USER_HOME$/.jdks/openjdk-17/lib/src.zip!/jdk.sctp" type="simple" />
            <root url="jar://$USER_HOME$/.jdks/openjdk-17/lib/src.zip!/java.base" type="simple" />
            <root url="jar://$USER_HOME$/.jdks/openjdk-17/lib/src.zip!/jdk.jdeps" type="simple" />
            <root url="jar://$USER_HOME$/.jdks/openjdk-17/lib/src.zip!/jdk.jlink" type="simple" />
            <root url="jar://$USER_HOME$/.jdks/openjdk-17/lib/src.zip!/jdk.zipfs" type="simple" />
            <root url="jar://$USER_HOME$/.jdks/openjdk-17/lib/src.zip!/java.prefs" type="simple" />
            <root url="jar://$USER_HOME$/.jdks/openjdk-17/lib/src.zip!/jdk.attach" type="simple" />
            <root url="jar://$USER_HOME$/.jdks/openjdk-17/lib/src.zip!/jdk.jshell" type="simple" />
            <root url="jar://$USER_HOME$/.jdks/openjdk-17/lib/src.zip!/jdk.jstatd" type="simple" />
            <root url="jar://$USER_HOME$/.jdks/openjdk-17/lib/src.zip!/jdk.random" type="simple" />
            <root url="jar://$USER_HOME$/.jdks/openjdk-17/lib/src.zip!/java.naming" type="simple" />
            <root url="jar://$USER_HOME$/.jdks/openjdk-17/lib/src.zip!/jdk.editpad" type="simple" />
            <root url="jar://$USER_HOME$/.jdks/openjdk-17/lib/src.zip!/jdk.jartool" type="simple" />
            <root url="jar://$USER_HOME$/.jdks/openjdk-17/lib/src.zip!/jdk.javadoc" type="simple" />
            <root url="jar://$USER_HOME$/.jdks/openjdk-17/lib/src.zip!/jdk.xml.dom" type="simple" />
            <root url="jar://$USER_HOME$/.jdks/openjdk-17/lib/src.zip!/java.desktop" type="simple" />
            <root url="jar://$USER_HOME$/.jdks/openjdk-17/lib/src.zip!/java.logging" type="simple" />
            <root url="jar://$USER_HOME$/.jdks/openjdk-17/lib/src.zip!/jdk.charsets" type="simple" />
            <root url="jar://$USER_HOME$/.jdks/openjdk-17/lib/src.zip!/jdk.compiler" type="simple" />
            <root url="jar://$USER_HOME$/.jdks/openjdk-17/lib/src.zip!/jdk.dynalink" type="simple" />
            <root url="jar://$USER_HOME$/.jdks/openjdk-17/lib/src.zip!/jdk.jconsole" type="simple" />
            <root url="jar://$USER_HOME$/.jdks/openjdk-17/lib/src.zip!/jdk.jpackage" type="simple" />
            <root url="jar://$USER_HOME$/.jdks/openjdk-17/lib/src.zip!/jdk.jsobject" type="simple" />
            <root url="jar://$USER_HOME$/.jdks/openjdk-17/lib/src.zip!/java.compiler" type="simple" />
            <root url="jar://$USER_HOME$/.jdks/openjdk-17/lib/src.zip!/java.net.http" type="simple" />
            <root url="jar://$USER_HOME$/.jdks/openjdk-17/lib/src.zip!/jdk.crypto.ec" type="simple" />
            <root url="jar://$USER_HOME$/.jdks/openjdk-17/lib/src.zip!/java.scripting" type="simple" />
            <root url="jar://$USER_HOME$/.jdks/openjdk-17/lib/src.zip!/jdk.httpserver" type="simple" />
            <root url="jar://$USER_HOME$/.jdks/openjdk-17/lib/src.zip!/jdk.jdwp.agent" type="simple" />
            <root url="jar://$USER_HOME$/.jdks/openjdk-17/lib/src.zip!/jdk.localedata" type="simple" />
            <root url="jar://$USER_HOME$/.jdks/openjdk-17/lib/src.zip!/jdk.management" type="simple" />
            <root url="jar://$USER_HOME$/.jdks/openjdk-17/lib/src.zip!/jdk.naming.dns" type="simple" />
            <root url="jar://$USER_HOME$/.jdks/openjdk-17/lib/src.zip!/jdk.naming.rmi" type="simple" />
            <root url="jar://$USER_HOME$/.jdks/openjdk-17/lib/src.zip!/java.instrument" type="simple" />
            <root url="jar://$USER_HOME$/.jdks/openjdk-17/lib/src.zip!/java.management" type="simple" />
            <root url="jar://$USER_HOME$/.jdks/openjdk-17/lib/src.zip!/java.sql.rowset" type="simple" />
            <root url="jar://$USER_HOME$/.jdks/openjdk-17/lib/src.zip!/java.xml.crypto" type="simple" />
            <root url="jar://$USER_HOME$/.jdks/openjdk-17/lib/src.zip!/jdk.internal.ed" type="simple" />
            <root url="jar://$USER_HOME$/.jdks/openjdk-17/lib/src.zip!/jdk.internal.le" type="simple" />
            <root url="jar://$USER_HOME$/.jdks/openjdk-17/lib/src.zip!/jdk.nio.mapmode" type="simple" />
            <root url="jar://$USER_HOME$/.jdks/openjdk-17/lib/src.zip!/jdk.unsupported" type="simple" />
            <root url="jar://$USER_HOME$/.jdks/openjdk-17/lib/src.zip!/java.smartcardio" type="simple" />
            <root url="jar://$USER_HOME$/.jdks/openjdk-17/lib/src.zip!/jdk.internal.opt" type="simple" />
            <root url="jar://$USER_HOME$/.jdks/openjdk-17/lib/src.zip!/java.datatransfer" type="simple" />
            <root url="jar://$USER_HOME$/.jdks/openjdk-17/lib/src.zip!/jdk.accessibility" type="simple" />
            <root url="jar://$USER_HOME$/.jdks/openjdk-17/lib/src.zip!/jdk.crypto.mscapi" type="simple" />
            <root url="jar://$USER_HOME$/.jdks/openjdk-17/lib/src.zip!/jdk.hotspot.agent" type="simple" />
            <root url="jar://$USER_HOME$/.jdks/openjdk-17/lib/src.zip!/jdk.security.auth" type="simple" />
            <root url="jar://$USER_HOME$/.jdks/openjdk-17/lib/src.zip!/jdk.security.jgss" type="simple" />
            <root url="jar://$USER_HOME$/.jdks/openjdk-17/lib/src.zip!/java.security.jgss" type="simple" />
            <root url="jar://$USER_HOME$/.jdks/openjdk-17/lib/src.zip!/java.security.sasl" type="simple" />
            <root url="jar://$USER_HOME$/.jdks/openjdk-17/lib/src.zip!/jdk.internal.vm.ci" type="simple" />
            <root url="jar://$USER_HOME$/.jdks/openjdk-17/lib/src.zip!/jdk.management.jfr" type="simple" />
            <root url="jar://$USER_HOME$/.jdks/openjdk-17/lib/src.zip!/java.management.rmi" type="simple" />
            <root url="jar://$USER_HOME$/.jdks/openjdk-17/lib/src.zip!/java.transaction.xa" type="simple" />
            <root url="jar://$USER_HOME$/.jdks/openjdk-17/lib/src.zip!/jdk.crypto.cryptoki" type="simple" />
            <root url="jar://$USER_HOME$/.jdks/openjdk-17/lib/src.zip!/jdk.incubator.vector" type="simple" />
            <root url="jar://$USER_HOME$/.jdks/openjdk-17/lib/src.zip!/jdk.internal.jvmstat" type="simple" />
            <root url="jar://$USER_HOME$/.jdks/openjdk-17/lib/src.zip!/jdk.management.agent" type="simple" />
            <root url="jar://$USER_HOME$/.jdks/openjdk-17/lib/src.zip!/jdk.incubator.foreign" type="simple" />
            <root url="jar://$USER_HOME$/.jdks/openjdk-17/lib/src.zip!/jdk.unsupported.desktop" type="simple" />
            <root url="jar://$USER_HOME$/.jdks/openjdk-17/lib/src.zip!/jdk.internal.vm.compiler" type="simple" />
            <root url="jar://$USER_HOME$/.jdks/openjdk-17/lib/src.zip!/jdk.internal.vm.compiler.management" type="simple" />
          </root>
        </sourcePath>
      </roots>
      <additional />
    </jdk>
    <jdk version="2">
      <name value="Python 3.10 (.venv)" />
      <type value="Python SDK" />
      <version value="Python 3.10.4" />
      <homePath value="C:\Users\11fra\.venv\Scripts\python.exe" />
      <roots>
        <annotationsPath>
          <root type="composite" />
        </annotationsPath>
        <classPath>
          <root type="composite">
            <root url="file://$USER_HOME$/AppData/Local/Programs/Python/Python310/DLLs" type="simple" />
            <root url="file://$USER_HOME$/AppData/Local/Programs/Python/Python310/Lib" type="simple" />
            <root url="file://$USER_HOME$/AppData/Local/Programs/Python/Python310" type="simple" />
            <root url="file://$USER_HOME$/.venv" type="simple" />
            <root url="file://$USER_HOME$/.venv/Lib/site-packages" type="simple" />
            <root url="file://$USER_HOME$/AppData/Local/JetBrains/IntelliJIdea2021.3/python_stubs/1733550986" type="simple" />
            <root url="file://$APPLICATION_PLUGINS_DIR$/python/helpers/python-skeletons" type="simple" />
            <root url="file://$APPLICATION_PLUGINS_DIR$/python/helpers/typeshed/stdlib" type="simple" />
            <root url="file://$APPLICATION_PLUGINS_DIR$/python/helpers/typeshed/stubs/six" type="simple" />
            <root url="file://$APPLICATION_PLUGINS_DIR$/python/helpers/typeshed/stubs/boto" type="simple" />
            <root url="file://$APPLICATION_PLUGINS_DIR$/python/helpers/typeshed/stubs/mock" type="simple" />
            <root url="file://$APPLICATION_PLUGINS_DIR$/python/helpers/typeshed/stubs/pytz" type="simple" />
            <root url="file://$APPLICATION_PLUGINS_DIR$/python/helpers/typeshed/stubs/toml" type="simple" />
            <root url="file://$APPLICATION_PLUGINS_DIR$/python/helpers/typeshed/stubs/annoy" type="simple" />
            <root url="file://$APPLICATION_PLUGINS_DIR$/python/helpers/typeshed/stubs/babel" type="simple" />
            <root url="file://$APPLICATION_PLUGINS_DIR$/python/helpers/typeshed/stubs/click" type="simple" />
            <root url="file://$APPLICATION_PLUGINS_DIR$/python/helpers/typeshed/stubs/emoji" type="simple" />
            <root url="file://$APPLICATION_PLUGINS_DIR$/python/helpers/typeshed/stubs/first" type="simple" />
            <root url="file://$APPLICATION_PLUGINS_DIR$/python/helpers/typeshed/stubs/polib" type="simple" />
            <root url="file://$APPLICATION_PLUGINS_DIR$/python/helpers/typeshed/stubs/redis" type="simple" />
            <root url="file://$APPLICATION_PLUGINS_DIR$/python/helpers/typeshed/stubs/retry" type="simple" />
            <root url="file://$APPLICATION_PLUGINS_DIR$/python/helpers/typeshed/stubs/ujson" type="simple" />
            <root url="file://$APPLICATION_PLUGINS_DIR$/python/helpers/typeshed/stubs/bleach" type="simple" />
            <root url="file://$APPLICATION_PLUGINS_DIR$/python/helpers/typeshed/stubs/caldav" type="simple" />
            <root url="file://$APPLICATION_PLUGINS_DIR$/python/helpers/typeshed/stubs/docopt" type="simple" />
            <root url="file://$APPLICATION_PLUGINS_DIR$/python/helpers/typeshed/stubs/enum34" type="simple" />
            <root url="file://$APPLICATION_PLUGINS_DIR$/python/helpers/typeshed/stubs/orjson" type="simple" />
            <root url="file://$APPLICATION_PLUGINS_DIR$/python/helpers/typeshed/stubs/Pillow" type="simple" />
            <root url="file://$APPLICATION_PLUGINS_DIR$/python/helpers/typeshed/stubs/psutil" type="simple" />
            <root url="file://$APPLICATION_PLUGINS_DIR$/python/helpers/typeshed/stubs/pycurl" type="simple" />
            <root url="file://$APPLICATION_PLUGINS_DIR$/python/helpers/typeshed/stubs/pysftp" type="simple" />
            <root url="file://$APPLICATION_PLUGINS_DIR$/python/helpers/typeshed/stubs/PyYAML" type="simple" />
            <root url="file://$APPLICATION_PLUGINS_DIR$/python/helpers/typeshed/stubs/stripe" type="simple" />
            <root url="file://$APPLICATION_PLUGINS_DIR$/python/helpers/typeshed/stubs/xxhash" type="simple" />
            <root url="file://$APPLICATION_PLUGINS_DIR$/python/helpers/typeshed/stubs/appdirs" type="simple" />
            <root url="file://$APPLICATION_PLUGINS_DIR$/python/helpers/typeshed/stubs/certifi" type="simple" />
            <root url="file://$APPLICATION_PLUGINS_DIR$/python/helpers/typeshed/stubs/chardet" type="simple" />
            <root url="file://$APPLICATION_PLUGINS_DIR$/python/helpers/typeshed/stubs/futures" type="simple" />
            <root url="file://$APPLICATION_PLUGINS_DIR$/python/helpers/typeshed/stubs/pyaudio" type="simple" />
            <root url="file://$APPLICATION_PLUGINS_DIR$/python/helpers/typeshed/stubs/PyMySQL" type="simple" />
            <root url="file://$APPLICATION_PLUGINS_DIR$/python/helpers/typeshed/stubs/pyvmomi" type="simple" />
            <root url="file://$APPLICATION_PLUGINS_DIR$/python/helpers/typeshed/stubs/slumber" type="simple" />
            <root url="file://$APPLICATION_PLUGINS_DIR$/python/helpers/typeshed/stubs/tzlocal" type="simple" />
            <root url="file://$APPLICATION_PLUGINS_DIR$/python/helpers/typeshed/stubs/vobject" type="simple" />
            <root url="file://$APPLICATION_PLUGINS_DIR$/python/helpers/typeshed/stubs/aiofiles" type="simple" />
            <root url="file://$APPLICATION_PLUGINS_DIR$/python/helpers/typeshed/stubs/colorama" type="simple" />
            <root url="file://$APPLICATION_PLUGINS_DIR$/python/helpers/typeshed/stubs/croniter" type="simple" />
            <root url="file://$APPLICATION_PLUGINS_DIR$/python/helpers/typeshed/stubs/docutils" type="simple" />
            <root url="file://$APPLICATION_PLUGINS_DIR$/python/helpers/typeshed/stubs/filelock" type="simple" />
            <root url="file://$APPLICATION_PLUGINS_DIR$/python/helpers/typeshed/stubs/html5lib" type="simple" />
            <root url="file://$APPLICATION_PLUGINS_DIR$/python/helpers/typeshed/stubs/httplib2" type="simple" />
            <root url="file://$APPLICATION_PLUGINS_DIR$/python/helpers/typeshed/stubs/jmespath" type="simple" />
            <root url="file://$APPLICATION_PLUGINS_DIR$/python/helpers/typeshed/stubs/Markdown" type="simple" />
            <root url="file://$APPLICATION_PLUGINS_DIR$/python/helpers/typeshed/stubs/oauthlib" type="simple" />
            <root url="file://$APPLICATION_PLUGINS_DIR$/python/helpers/typeshed/stubs/paramiko" type="simple" />
            <root url="file://$APPLICATION_PLUGINS_DIR$/python/helpers/typeshed/stubs/psycopg2" type="simple" />
            <root url="file://$APPLICATION_PLUGINS_DIR$/python/helpers/typeshed/stubs/Pygments" type="simple" />
            <root url="file://$APPLICATION_PLUGINS_DIR$/python/helpers/typeshed/stubs/requests" type="simple" />
            <root url="file://$APPLICATION_PLUGINS_DIR$/python/helpers/typeshed/stubs/selenium" type="simple" />
            <root url="file://$APPLICATION_PLUGINS_DIR$/python/helpers/typeshed/stubs/tabulate" type="simple" />
            <root url="file://$APPLICATION_PLUGINS_DIR$/python/helpers/typeshed/stubs/toposort" type="simple" />
            <root url="file://$APPLICATION_PLUGINS_DIR$/python/helpers/typeshed/stubs/waitress" type="simple" />
            <root url="file://$APPLICATION_PLUGINS_DIR$/python/helpers/typeshed/stubs/Werkzeug" type="simple" />
            <root url="file://$APPLICATION_PLUGINS_DIR$/python/helpers/typeshed/stubs/braintree" type="simple" />
            <root url="file://$APPLICATION_PLUGINS_DIR$/python/helpers/typeshed/stubs/decorator" type="simple" />
            <root url="file://$APPLICATION_PLUGINS_DIR$/python/helpers/typeshed/stubs/freezegun" type="simple" />
            <root url="file://$APPLICATION_PLUGINS_DIR$/python/helpers/typeshed/stubs/ipaddress" type="simple" />
            <root url="file://$APPLICATION_PLUGINS_DIR$/python/helpers/typeshed/stubs/pyOpenSSL" type="simple" />
            <root url="file://$APPLICATION_PLUGINS_DIR$/python/helpers/typeshed/stubs/pyRFC3339" type="simple" />
            <root url="file://$APPLICATION_PLUGINS_DIR$/python/helpers/typeshed/stubs/termcolor" type="simple" />
            <root url="file://$APPLICATION_PLUGINS_DIR$/python/helpers/typeshed/stubs/ttkthemes" type="simple" />
            <root url="file://$APPLICATION_PLUGINS_DIR$/python/helpers/typeshed/stubs/typed-ast" type="simple" />
            <root url="file://$APPLICATION_PLUGINS_DIR$/python/helpers/typeshed/stubs/cachetools" type="simple" />
            <root url="file://$APPLICATION_PLUGINS_DIR$/python/helpers/typeshed/stubs/commonmark" type="simple" />
            <root url="file://$APPLICATION_PLUGINS_DIR$/python/helpers/typeshed/stubs/dateparser" type="simple" />
            <root url="file://$APPLICATION_PLUGINS_DIR$/python/helpers/typeshed/stubs/Deprecated" type="simple" />
            <root url="file://$APPLICATION_PLUGINS_DIR$/python/helpers/typeshed/stubs/frozendict" type="simple" />
            <root url="file://$APPLICATION_PLUGINS_DIR$/python/helpers/typeshed/stubs/jsonschema" type="simple" />
            <root url="file://$APPLICATION_PLUGINS_DIR$/python/helpers/typeshed/stubs/MarkupSafe" type="simple" />
            <root url="file://$APPLICATION_PLUGINS_DIR$/python/helpers/typeshed/stubs/pyfarmhash" type="simple" />
            <root url="file://$APPLICATION_PLUGINS_DIR$/python/helpers/typeshed/stubs/Send2Trash" type="simple" />
            <root url="file://$APPLICATION_PLUGINS_DIR$/python/helpers/typeshed/stubs/setuptools" type="simple" />
            <root url="file://$APPLICATION_PLUGINS_DIR$/python/helpers/typeshed/stubs/simplejson" type="simple" />
            <root url="file://$APPLICATION_PLUGINS_DIR$/python/helpers/typeshed/stubs/contextvars" type="simple" />
            <root url="file://$APPLICATION_PLUGINS_DIR$/python/helpers/typeshed/stubs/dataclasses" type="simple" />
            <root url="file://$APPLICATION_PLUGINS_DIR$/python/helpers/typeshed/stubs/entrypoints" type="simple" />
            <root url="file://$APPLICATION_PLUGINS_DIR$/python/helpers/typeshed/stubs/JACK-Client" type="simple" />
            <root url="file://$APPLICATION_PLUGINS_DIR$/python/helpers/typeshed/stubs/mysqlclient" type="simple" />
            <root url="file://$APPLICATION_PLUGINS_DIR$/python/helpers/typeshed/stubs/prettytable" type="simple" />
            <root url="file://$APPLICATION_PLUGINS_DIR$/python/helpers/typeshed/stubs/python-nmap" type="simple" />
            <root url="file://$APPLICATION_PLUGINS_DIR$/python/helpers/typeshed/stubs/atomicwrites" type="simple" />
            <root url="file://$APPLICATION_PLUGINS_DIR$/python/helpers/typeshed/stubs/aws-xray-sdk" type="simple" />
            <root url="file://$APPLICATION_PLUGINS_DIR$/python/helpers/typeshed/stubs/cryptography" type="simple" />
            <root url="file://$APPLICATION_PLUGINS_DIR$/python/helpers/typeshed/stubs/editdistance" type="simple" />
            <root url="file://$APPLICATION_PLUGINS_DIR$/python/helpers/typeshed/stubs/itsdangerous" type="simple" />
            <root url="file://$APPLICATION_PLUGINS_DIR$/python/helpers/typeshed/stubs/backports_abc" type="simple" />
            <root url="file://$APPLICATION_PLUGINS_DIR$/python/helpers/typeshed/stubs/click-spinner" type="simple" />
            <root url="file://$APPLICATION_PLUGINS_DIR$/python/helpers/typeshed/stubs/DateTimeRange" type="simple" />
            <root url="file://$APPLICATION_PLUGINS_DIR$/python/helpers/typeshed/stubs/humanfriendly" type="simple" />
            <root url="file://$APPLICATION_PLUGINS_DIR$/python/helpers/typeshed/stubs/python-gflags" type="simple" />
            <root url="file://$APPLICATION_PLUGINS_DIR$/python/helpers/typeshed/stubs/beautifulsoup4" type="simple" />
            <root url="file://$APPLICATION_PLUGINS_DIR$/python/helpers/typeshed/stubs/characteristic" type="simple" />
            <root url="file://$APPLICATION_PLUGINS_DIR$/python/helpers/typeshed/stubs/python-slugify" type="simple" />
            <root url="file://$APPLICATION_PLUGINS_DIR$/python/helpers/typeshed/stubs/singledispatch" type="simple" />
            <root url="file://$APPLICATION_PLUGINS_DIR$/python/helpers/typeshed/stubs/mypy-extensions" type="simple" />
            <root url="file://$APPLICATION_PLUGINS_DIR$/python/helpers/typeshed/stubs/python-dateutil" type="simple" />
            <root url="file://$APPLICATION_PLUGINS_DIR$/python/helpers/typeshed/stubs/pytest-lazy-fixture" type="simple" />
            <root url="file://$APPLICATION_PLUGINS_DIR$/python/helpers/typeshed/stubs/backports.ssl_match_hostname" type="simple" />
          </root>
        </classPath>
        <javadocPath>
          <root type="composite" />
        </javadocPath>
        <sourcePath>
          <root type="composite" />
        </sourcePath>
      </roots>
      <additional />
    </jdk>
    <jdk version="2">
      <name value="openjdk-18" />
      <type value="JavaSDK" />
      <version value="java version &quot;18&quot;" />
      <homePath value="$USER_HOME$/.jdks/openjdk-18" />
      <roots>
        <annotationsPath>
          <root type="composite">
            <root url="jar://$APPLICATION_HOME_DIR$/plugins/java/lib/jdkAnnotations.jar!/" type="simple" />
          </root>
        </annotationsPath>
        <classPath>
          <root type="composite">
            <root url="jrt://C:/Users/11fra/.jdks/openjdk-18!/java.base" type="simple" />
            <root url="jrt://C:/Users/11fra/.jdks/openjdk-18!/java.compiler" type="simple" />
            <root url="jrt://C:/Users/11fra/.jdks/openjdk-18!/java.datatransfer" type="simple" />
            <root url="jrt://C:/Users/11fra/.jdks/openjdk-18!/java.desktop" type="simple" />
            <root url="jrt://C:/Users/11fra/.jdks/openjdk-18!/java.instrument" type="simple" />
            <root url="jrt://C:/Users/11fra/.jdks/openjdk-18!/java.logging" type="simple" />
            <root url="jrt://C:/Users/11fra/.jdks/openjdk-18!/java.management" type="simple" />
            <root url="jrt://C:/Users/11fra/.jdks/openjdk-18!/java.management.rmi" type="simple" />
            <root url="jrt://C:/Users/11fra/.jdks/openjdk-18!/java.naming" type="simple" />
            <root url="jrt://C:/Users/11fra/.jdks/openjdk-18!/java.net.http" type="simple" />
            <root url="jrt://C:/Users/11fra/.jdks/openjdk-18!/java.prefs" type="simple" />
            <root url="jrt://C:/Users/11fra/.jdks/openjdk-18!/java.rmi" type="simple" />
            <root url="jrt://C:/Users/11fra/.jdks/openjdk-18!/java.scripting" type="simple" />
            <root url="jrt://C:/Users/11fra/.jdks/openjdk-18!/java.se" type="simple" />
            <root url="jrt://C:/Users/11fra/.jdks/openjdk-18!/java.security.jgss" type="simple" />
            <root url="jrt://C:/Users/11fra/.jdks/openjdk-18!/java.security.sasl" type="simple" />
            <root url="jrt://C:/Users/11fra/.jdks/openjdk-18!/java.smartcardio" type="simple" />
            <root url="jrt://C:/Users/11fra/.jdks/openjdk-18!/java.sql" type="simple" />
            <root url="jrt://C:/Users/11fra/.jdks/openjdk-18!/java.sql.rowset" type="simple" />
            <root url="jrt://C:/Users/11fra/.jdks/openjdk-18!/java.transaction.xa" type="simple" />
            <root url="jrt://C:/Users/11fra/.jdks/openjdk-18!/java.xml" type="simple" />
            <root url="jrt://C:/Users/11fra/.jdks/openjdk-18!/java.xml.crypto" type="simple" />
            <root url="jrt://C:/Users/11fra/.jdks/openjdk-18!/jdk.accessibility" type="simple" />
            <root url="jrt://C:/Users/11fra/.jdks/openjdk-18!/jdk.attach" type="simple" />
            <root url="jrt://C:/Users/11fra/.jdks/openjdk-18!/jdk.charsets" type="simple" />
            <root url="jrt://C:/Users/11fra/.jdks/openjdk-18!/jdk.compiler" type="simple" />
            <root url="jrt://C:/Users/11fra/.jdks/openjdk-18!/jdk.crypto.cryptoki" type="simple" />
            <root url="jrt://C:/Users/11fra/.jdks/openjdk-18!/jdk.crypto.ec" type="simple" />
            <root url="jrt://C:/Users/11fra/.jdks/openjdk-18!/jdk.crypto.mscapi" type="simple" />
            <root url="jrt://C:/Users/11fra/.jdks/openjdk-18!/jdk.dynalink" type="simple" />
            <root url="jrt://C:/Users/11fra/.jdks/openjdk-18!/jdk.editpad" type="simple" />
            <root url="jrt://C:/Users/11fra/.jdks/openjdk-18!/jdk.hotspot.agent" type="simple" />
            <root url="jrt://C:/Users/11fra/.jdks/openjdk-18!/jdk.httpserver" type="simple" />
            <root url="jrt://C:/Users/11fra/.jdks/openjdk-18!/jdk.incubator.foreign" type="simple" />
            <root url="jrt://C:/Users/11fra/.jdks/openjdk-18!/jdk.incubator.vector" type="simple" />
            <root url="jrt://C:/Users/11fra/.jdks/openjdk-18!/jdk.internal.ed" type="simple" />
            <root url="jrt://C:/Users/11fra/.jdks/openjdk-18!/jdk.internal.jvmstat" type="simple" />
            <root url="jrt://C:/Users/11fra/.jdks/openjdk-18!/jdk.internal.le" type="simple" />
            <root url="jrt://C:/Users/11fra/.jdks/openjdk-18!/jdk.internal.opt" type="simple" />
            <root url="jrt://C:/Users/11fra/.jdks/openjdk-18!/jdk.internal.vm.ci" type="simple" />
            <root url="jrt://C:/Users/11fra/.jdks/openjdk-18!/jdk.internal.vm.compiler" type="simple" />
            <root url="jrt://C:/Users/11fra/.jdks/openjdk-18!/jdk.internal.vm.compiler.management" type="simple" />
            <root url="jrt://C:/Users/11fra/.jdks/openjdk-18!/jdk.jartool" type="simple" />
            <root url="jrt://C:/Users/11fra/.jdks/openjdk-18!/jdk.javadoc" type="simple" />
            <root url="jrt://C:/Users/11fra/.jdks/openjdk-18!/jdk.jcmd" type="simple" />
            <root url="jrt://C:/Users/11fra/.jdks/openjdk-18!/jdk.jconsole" type="simple" />
            <root url="jrt://C:/Users/11fra/.jdks/openjdk-18!/jdk.jdeps" type="simple" />
            <root url="jrt://C:/Users/11fra/.jdks/openjdk-18!/jdk.jdi" type="simple" />
            <root url="jrt://C:/Users/11fra/.jdks/openjdk-18!/jdk.jdwp.agent" type="simple" />
            <root url="jrt://C:/Users/11fra/.jdks/openjdk-18!/jdk.jfr" type="simple" />
            <root url="jrt://C:/Users/11fra/.jdks/openjdk-18!/jdk.jlink" type="simple" />
            <root url="jrt://C:/Users/11fra/.jdks/openjdk-18!/jdk.jpackage" type="simple" />
            <root url="jrt://C:/Users/11fra/.jdks/openjdk-18!/jdk.jshell" type="simple" />
            <root url="jrt://C:/Users/11fra/.jdks/openjdk-18!/jdk.jsobject" type="simple" />
            <root url="jrt://C:/Users/11fra/.jdks/openjdk-18!/jdk.jstatd" type="simple" />
            <root url="jrt://C:/Users/11fra/.jdks/openjdk-18!/jdk.localedata" type="simple" />
            <root url="jrt://C:/Users/11fra/.jdks/openjdk-18!/jdk.management" type="simple" />
            <root url="jrt://C:/Users/11fra/.jdks/openjdk-18!/jdk.management.agent" type="simple" />
            <root url="jrt://C:/Users/11fra/.jdks/openjdk-18!/jdk.management.jfr" type="simple" />
            <root url="jrt://C:/Users/11fra/.jdks/openjdk-18!/jdk.naming.dns" type="simple" />
            <root url="jrt://C:/Users/11fra/.jdks/openjdk-18!/jdk.naming.rmi" type="simple" />
            <root url="jrt://C:/Users/11fra/.jdks/openjdk-18!/jdk.net" type="simple" />
            <root url="jrt://C:/Users/11fra/.jdks/openjdk-18!/jdk.nio.mapmode" type="simple" />
            <root url="jrt://C:/Users/11fra/.jdks/openjdk-18!/jdk.random" type="simple" />
            <root url="jrt://C:/Users/11fra/.jdks/openjdk-18!/jdk.sctp" type="simple" />
            <root url="jrt://C:/Users/11fra/.jdks/openjdk-18!/jdk.security.auth" type="simple" />
            <root url="jrt://C:/Users/11fra/.jdks/openjdk-18!/jdk.security.jgss" type="simple" />
            <root url="jrt://C:/Users/11fra/.jdks/openjdk-18!/jdk.unsupported" type="simple" />
            <root url="jrt://C:/Users/11fra/.jdks/openjdk-18!/jdk.unsupported.desktop" type="simple" />
            <root url="jrt://C:/Users/11fra/.jdks/openjdk-18!/jdk.xml.dom" type="simple" />
            <root url="jrt://C:/Users/11fra/.jdks/openjdk-18!/jdk.zipfs" type="simple" />
          </root>
        </classPath>
        <javadocPath>
          <root type="composite" />
        </javadocPath>
        <sourcePath>
          <root type="composite">
            <root url="jar://$USER_HOME$/.jdks/openjdk-18/lib/src.zip!/java.se" type="simple" />
            <root url="jar://$USER_HOME$/.jdks/openjdk-18/lib/src.zip!/jdk.jdi" type="simple" />
            <root url="jar://$USER_HOME$/.jdks/openjdk-18/lib/src.zip!/jdk.jfr" type="simple" />
            <root url="jar://$USER_HOME$/.jdks/openjdk-18/lib/src.zip!/jdk.net" type="simple" />
            <root url="jar://$USER_HOME$/.jdks/openjdk-18/lib/src.zip!/java.rmi" type="simple" />
            <root url="jar://$USER_HOME$/.jdks/openjdk-18/lib/src.zip!/java.sql" type="simple" />
            <root url="jar://$USER_HOME$/.jdks/openjdk-18/lib/src.zip!/java.xml" type="simple" />
            <root url="jar://$USER_HOME$/.jdks/openjdk-18/lib/src.zip!/jdk.jcmd" type="simple" />
            <root url="jar://$USER_HOME$/.jdks/openjdk-18/lib/src.zip!/jdk.sctp" type="simple" />
            <root url="jar://$USER_HOME$/.jdks/openjdk-18/lib/src.zip!/java.base" type="simple" />
            <root url="jar://$USER_HOME$/.jdks/openjdk-18/lib/src.zip!/jdk.jdeps" type="simple" />
            <root url="jar://$USER_HOME$/.jdks/openjdk-18/lib/src.zip!/jdk.jlink" type="simple" />
            <root url="jar://$USER_HOME$/.jdks/openjdk-18/lib/src.zip!/jdk.zipfs" type="simple" />
            <root url="jar://$USER_HOME$/.jdks/openjdk-18/lib/src.zip!/java.prefs" type="simple" />
            <root url="jar://$USER_HOME$/.jdks/openjdk-18/lib/src.zip!/jdk.attach" type="simple" />
            <root url="jar://$USER_HOME$/.jdks/openjdk-18/lib/src.zip!/jdk.jshell" type="simple" />
            <root url="jar://$USER_HOME$/.jdks/openjdk-18/lib/src.zip!/jdk.jstatd" type="simple" />
            <root url="jar://$USER_HOME$/.jdks/openjdk-18/lib/src.zip!/jdk.random" type="simple" />
            <root url="jar://$USER_HOME$/.jdks/openjdk-18/lib/src.zip!/java.naming" type="simple" />
            <root url="jar://$USER_HOME$/.jdks/openjdk-18/lib/src.zip!/jdk.editpad" type="simple" />
            <root url="jar://$USER_HOME$/.jdks/openjdk-18/lib/src.zip!/jdk.jartool" type="simple" />
            <root url="jar://$USER_HOME$/.jdks/openjdk-18/lib/src.zip!/jdk.javadoc" type="simple" />
            <root url="jar://$USER_HOME$/.jdks/openjdk-18/lib/src.zip!/jdk.xml.dom" type="simple" />
            <root url="jar://$USER_HOME$/.jdks/openjdk-18/lib/src.zip!/java.desktop" type="simple" />
            <root url="jar://$USER_HOME$/.jdks/openjdk-18/lib/src.zip!/java.logging" type="simple" />
            <root url="jar://$USER_HOME$/.jdks/openjdk-18/lib/src.zip!/jdk.charsets" type="simple" />
            <root url="jar://$USER_HOME$/.jdks/openjdk-18/lib/src.zip!/jdk.compiler" type="simple" />
            <root url="jar://$USER_HOME$/.jdks/openjdk-18/lib/src.zip!/jdk.dynalink" type="simple" />
            <root url="jar://$USER_HOME$/.jdks/openjdk-18/lib/src.zip!/jdk.jconsole" type="simple" />
            <root url="jar://$USER_HOME$/.jdks/openjdk-18/lib/src.zip!/jdk.jpackage" type="simple" />
            <root url="jar://$USER_HOME$/.jdks/openjdk-18/lib/src.zip!/jdk.jsobject" type="simple" />
            <root url="jar://$USER_HOME$/.jdks/openjdk-18/lib/src.zip!/java.compiler" type="simple" />
            <root url="jar://$USER_HOME$/.jdks/openjdk-18/lib/src.zip!/java.net.http" type="simple" />
            <root url="jar://$USER_HOME$/.jdks/openjdk-18/lib/src.zip!/jdk.crypto.ec" type="simple" />
            <root url="jar://$USER_HOME$/.jdks/openjdk-18/lib/src.zip!/java.scripting" type="simple" />
            <root url="jar://$USER_HOME$/.jdks/openjdk-18/lib/src.zip!/jdk.httpserver" type="simple" />
            <root url="jar://$USER_HOME$/.jdks/openjdk-18/lib/src.zip!/jdk.jdwp.agent" type="simple" />
            <root url="jar://$USER_HOME$/.jdks/openjdk-18/lib/src.zip!/jdk.localedata" type="simple" />
            <root url="jar://$USER_HOME$/.jdks/openjdk-18/lib/src.zip!/jdk.management" type="simple" />
            <root url="jar://$USER_HOME$/.jdks/openjdk-18/lib/src.zip!/jdk.naming.dns" type="simple" />
            <root url="jar://$USER_HOME$/.jdks/openjdk-18/lib/src.zip!/jdk.naming.rmi" type="simple" />
            <root url="jar://$USER_HOME$/.jdks/openjdk-18/lib/src.zip!/java.instrument" type="simple" />
            <root url="jar://$USER_HOME$/.jdks/openjdk-18/lib/src.zip!/java.management" type="simple" />
            <root url="jar://$USER_HOME$/.jdks/openjdk-18/lib/src.zip!/java.sql.rowset" type="simple" />
            <root url="jar://$USER_HOME$/.jdks/openjdk-18/lib/src.zip!/java.xml.crypto" type="simple" />
            <root url="jar://$USER_HOME$/.jdks/openjdk-18/lib/src.zip!/jdk.internal.ed" type="simple" />
            <root url="jar://$USER_HOME$/.jdks/openjdk-18/lib/src.zip!/jdk.internal.le" type="simple" />
            <root url="jar://$USER_HOME$/.jdks/openjdk-18/lib/src.zip!/jdk.nio.mapmode" type="simple" />
            <root url="jar://$USER_HOME$/.jdks/openjdk-18/lib/src.zip!/jdk.unsupported" type="simple" />
            <root url="jar://$USER_HOME$/.jdks/openjdk-18/lib/src.zip!/java.smartcardio" type="simple" />
            <root url="jar://$USER_HOME$/.jdks/openjdk-18/lib/src.zip!/jdk.internal.opt" type="simple" />
            <root url="jar://$USER_HOME$/.jdks/openjdk-18/lib/src.zip!/java.datatransfer" type="simple" />
            <root url="jar://$USER_HOME$/.jdks/openjdk-18/lib/src.zip!/jdk.accessibility" type="simple" />
            <root url="jar://$USER_HOME$/.jdks/openjdk-18/lib/src.zip!/jdk.crypto.mscapi" type="simple" />
            <root url="jar://$USER_HOME$/.jdks/openjdk-18/lib/src.zip!/jdk.hotspot.agent" type="simple" />
            <root url="jar://$USER_HOME$/.jdks/openjdk-18/lib/src.zip!/jdk.security.auth" type="simple" />
            <root url="jar://$USER_HOME$/.jdks/openjdk-18/lib/src.zip!/jdk.security.jgss" type="simple" />
            <root url="jar://$USER_HOME$/.jdks/openjdk-18/lib/src.zip!/java.security.jgss" type="simple" />
            <root url="jar://$USER_HOME$/.jdks/openjdk-18/lib/src.zip!/java.security.sasl" type="simple" />
            <root url="jar://$USER_HOME$/.jdks/openjdk-18/lib/src.zip!/jdk.internal.vm.ci" type="simple" />
            <root url="jar://$USER_HOME$/.jdks/openjdk-18/lib/src.zip!/jdk.management.jfr" type="simple" />
            <root url="jar://$USER_HOME$/.jdks/openjdk-18/lib/src.zip!/java.management.rmi" type="simple" />
            <root url="jar://$USER_HOME$/.jdks/openjdk-18/lib/src.zip!/java.transaction.xa" type="simple" />
            <root url="jar://$USER_HOME$/.jdks/openjdk-18/lib/src.zip!/jdk.crypto.cryptoki" type="simple" />
            <root url="jar://$USER_HOME$/.jdks/openjdk-18/lib/src.zip!/jdk.incubator.vector" type="simple" />
            <root url="jar://$USER_HOME$/.jdks/openjdk-18/lib/src.zip!/jdk.internal.jvmstat" type="simple" />
            <root url="jar://$USER_HOME$/.jdks/openjdk-18/lib/src.zip!/jdk.management.agent" type="simple" />
            <root url="jar://$USER_HOME$/.jdks/openjdk-18/lib/src.zip!/jdk.incubator.foreign" type="simple" />
            <root url="jar://$USER_HOME$/.jdks/openjdk-18/lib/src.zip!/jdk.unsupported.desktop" type="simple" />
            <root url="jar://$USER_HOME$/.jdks/openjdk-18/lib/src.zip!/jdk.internal.vm.compiler" type="simple" />
            <root url="jar://$USER_HOME$/.jdks/openjdk-18/lib/src.zip!/jdk.internal.vm.compiler.management" type="simple" />
          </root>
        </sourcePath>
      </roots>
      <additional />
    </jdk>
    <jdk version="2">
      <name value="Kotlin SDK" />
      <type value="KotlinSDK" />
      <homePath value="C:\Users\11fra\AppData\Local\JetBrains\Toolbox\apps\IDEA-U\ch-0\213.7172.25.plugins\Kotlin\kotlinc" />
      <roots>
        <annotationsPath>
          <root type="composite" />
        </annotationsPath>
        <classPath>
          <root type="composite" />
        </classPath>
        <javadocPath>
          <root type="composite" />
        </javadocPath>
        <sourcePath>
          <root type="composite" />
        </sourcePath>
      </roots>
      <additional />
    </jdk>
  </component>
</application>