<application>
  <component name="PostfixTemplates">
    <template id="return@userDefined" key=".return" provider="org.rust.ide.template.postfix.RsPostfixTemplateProvider" topmost="false">
      <conditions>
        <condition id="Ref" Aetna="" />
        <condition id="Slice" Aetna="" />
        <condition id="Bool" Aetna="" />
        <condition id="Number" Aetna="" />
        <condition id="ADT" Aetna="" />
        <condition id="Array" Aetna="" />
        <condition id="Tuple" Aetna="" />
        <condition id="Unit" Aetna="" />
      </conditions>
      <template name="fakeKey" value="return $EXPR$;" toReformat="false" toShortenFQNames="true" />
    </template>
  </component>
</application>