<application>
  <component name="ProjectManager">
    <defaultProject>
      <component name="ProjectViewState">
        <option name="hideEmptyMiddlePackages" value="true" />
        <option name="showLibraryContents" value="true" />
        <option name="showMembers" value="true" />
        <option name="showVisibilityIcons" value="true" />
      </component>
      <component name="PropertiesComponent">
        <property name="settings.editor.selected.configurable" value="language.rust.rustfmt" />
      </component>
      <component name="RustProjectSettings">
        <option name="runRustfmtOnSave" value="true" />
        <option name="useRustfmt" value="true" />
        <option name="version" value="2" />
      </component>
    </defaultProject>
  </component>
</application>